	<learningObject name="Presentations" navigation="Linear" textSize="24" displayMode="default">		<title linkID="PG1274425835973" name="Presentations" size="48"><![CDATA[ELFIS                                                                                                           Semester 2                                                                                                Presentations]]></title>		<accNav linkID="PG1274425952720" name="Presentations" text="" panelWidth="Full">			<nestedPage name="" text="&lt;i&gt;Life in the UK&lt;/i&gt;During semester 2, each person will, with a partner, give a presentation about an aspect of life in the UK with regard to you, the ELFIS students.Each pair will have two weeks to prepare for their presentation." align="Top" />			<nestedPage name="" text="Your presentation will be judged by your tutor and by other students in the class. Twice during the semester you will have to write a &lt;b&gt;short report&lt;/b&gt; assessing the presentations of four of your classmates (two pairs).Each person will have to give an approximately &lt;b&gt;five minute presentation&lt;/b&gt; which will, with your partner, fully explore the aspect of life in the UK that you are allocated as it could affect you as ELFIS students (2 x 5 minutes = 10 minute presentations). " align="Top" />			<nestedPage name="" text="You must have an interesting and informative set of slides.You could have handouts.Your presentations need to be &lt;b&gt;imaginative, interesting and informative.&lt;/b&gt;What you present is up to you. You could look at causes and effects, or compare and contrast between the UK and China, or give explanations, examples and advice, or…" align="Top" />		</accNav>		<columnPage linkID="PG1274426169201" name="Topics">			<nestedPage name="" text="&lt;b&gt;Topics:&lt;/b&gt;•	Accommodation, transport, food•	Health and safety•	Homesickness•	Social life•	Budgeting, banking, money•	Responsibilities and expectations of students (what is expected of the students)•	Academic life, courses, students’ expectations (what the students expect), planning, time management You will be allocated a date and a topic.If you want to alter your topic, ask your tutor (anything could be acceptable)." align="Top" />		</columnPage>		<tabNav linkID="PG1300687471712" name="Class 1" text="Enter text for the page here" panelWidth="Full" tabWidth="80">			<nestedPage name="" text="Class 1Presentations and Assessment reports" align="Top" />			<nestedPage name="Week 3" text="&lt;b&gt;Social Life&lt;/b&gt;Vincent Chloe&lt;b&gt;Assessment reports:&lt;/b&gt;MelissaFloraCarrieBetty" align="Top" />			<nestedPage name="Week 4" text="&lt;b&gt;Responsibilities and expectations of students (what is expected of the students)&lt;/b&gt;DaisyJade&lt;b&gt;Assessment reports:&lt;/b&gt;RaneeJoyHelenKelly" align="Top" />			<nestedPage name="Week 5" text="&lt;b&gt;Homesickness&lt;/b&gt;JimVivian&lt;b&gt;Assessment reports:&lt;/b&gt;SnowJadeKateChloe" align="Top" />			<nestedPage name="Week 6" text="&lt;b&gt;Food and Shopping&lt;/b&gt;MelissaKelly&lt;b&gt;Assessment reports:&lt;/b&gt;FloraJimCarrieVincent" align="Top" />			<nestedPage name="Week 7" text="&lt;b&gt;Budgeting, banking and money&lt;/b&gt;KateHelen&lt;b&gt;Assessment reports;&lt;/b&gt;JoyVivianChloeKelly" align="Top" />			<nestedPage name="Week 8" text="&lt;b&gt;Accomodation and Transport&lt;/b&gt;CarrieBetty&lt;b&gt;Assessment reports;&lt;/b&gt;SnowRaneeDaisyVincent" align="Top" />			<nestedPage name="Week 9" text="&lt;b&gt;Health and Safety&lt;/b&gt;FloraJoy&lt;b&gt;Assessment reports;&lt;/b&gt;JadeJimBetty" align="Top" />		</tabNav>		<tabNav linkID="PG1300687471712" name="Class 2" text="Enter text for the page here" panelWidth="Full" tabWidth="80">			<nestedPage name="" text="Class 2Presentations and Assessment reports" align="Top" />			<nestedPage name="Week 3" text="&lt;b&gt;Social Life&lt;/b&gt;NancyEve&lt;b&gt;Assessment reports:&lt;/b&gt;ClorisEmilyTracyYvonne" align="Top" />			<nestedPage name="Week 4" text="&lt;b&gt;Responsibilities and expectations of students (what is expected of the students)&lt;/b&gt;Jean&lt;b&gt;Assessment reports:&lt;/b&gt;KateGloriaChristineAngela" align="Top" />			<nestedPage name="Week 5" text="&lt;b&gt;Homesickness&lt;/b&gt;TracyEmily&lt;b&gt;Assessment reports:&lt;/b&gt;SophieKallenNancy" align="Top" />			<nestedPage name="Week 6" text="&lt;b&gt;Food and Shopping&lt;/b&gt;AngelaIsabella&lt;b&gt;Assessment reports:&lt;/b&gt;ClorisJeanEveTracy" align="Top" />			<nestedPage name="Week 7" text="&lt;b&gt;Budgeting, banking and money&lt;/b&gt;ChristineGloria&lt;b&gt;Assessment reports;&lt;/b&gt;KallenSophieAngelaIvy" align="Top" />			<nestedPage name="Week 8" text="&lt;b&gt;Accomodation and Transport&lt;/b&gt;YvonneIvy&lt;b&gt;Assessment reports;&lt;/b&gt;EmilyIsabellaNancy" align="Top" />			<nestedPage name="Week 9" text="&lt;b&gt;Health and Safety&lt;/b&gt;ClorisKate&lt;b&gt;Assessment reports;&lt;/b&gt;JeanGloriaEveYvonne" align="Top" />		</tabNav>	</learningObject>